idx,score
1,4
2,3
3,3
4,3
5,3
6,2
7,3
8,3
9,3
10,3
11,1
12,3
13,4
14,3
15,3
16,3
17,3
18,4
19,3
20,3
21,3
22,3
23,3
24,3
25,3
26,3
27,3
28,3
29,1
30,3
31,3
32,4
33,3
34,4
35,4
36,3
37,3
38,3
39,4
40,4
41,1
42,0
43,4
44,3
45,4
46,4
47,3
48,3
49,3
50,3
51,2
52,4
53,3
54,3
55,1
56,4
57,4
58,3
59,4
60,3
61,2
62,3
63,3
64,3
65,3
66,4
67,3
68,3
69,3
70,3
71,1
72,3
73,3
74,4
75,4
76,0
77,3
78,4
79,3
80,4
81,3
82,3
83,3
84,4
85,3
86,0
87,1
88,3
89,3
90,3
91,3
92,3
93,3
94,3
95,4
96,1
97,3
98,1
99,4
100,3
101,0
102,3
103,4
104,3
105,0
106,2
107,4
108,3
109,3
110,3
111,4
112,4
113,3
114,3
115,1
116,4
117,1
118,3
119,3
120,3
121,3
122,1
123,4
124,3
125,3
126,4
127,3
128,3
129,3
130,4
131,3
132,3
133,3
134,3
135,4
136,3
137,3
138,4
139,4
140,4
141,3
142,3
143,3
144,3
145,3
146,3
147,4
148,3
149,3
150,3
151,4
152,4
153,4
154,4
155,3
156,3
157,1
158,3
159,3
160,3
161,2
162,3
163,3
164,4
165,4
166,3
167,4
168,4
169,3
170,3
171,3
172,4
173,3
174,3
175,3
176,3
177,3
178,4
179,3
180,3
181,3
182,1
183,3
184,2
185,3
186,1
187,4
188,4
189,3
190,3
191,3
192,3
193,3
194,1
195,3
196,3
197,3
198,1
199,2
200,3
201,3
202,3
203,3
204,3
205,3
206,3
207,4
208,3
209,3
210,3
211,3
212,3
213,4
214,1
215,1
216,2
217,3
218,3
219,3
220,3
221,4
222,3
223,3
224,4
225,3
226,3
227,3
228,0
229,3
230,4
231,3
232,3
233,4
234,3
235,3
236,4
237,3
238,3
239,4
240,4
241,3
242,3
243,1
244,3
245,3
246,4
247,4
248,4
249,3
250,3
251,3
252,3
253,4
254,3
255,1
256,3
257,1
258,3
259,3
260,3
261,4
262,3
263,1
264,3
265,3
266,3
267,3
268,3
269,3
270,1
271,3
272,3
273,3
274,3
275,4
276,3
277,3
278,3
279,4
280,3
281,4
282,4
283,0
284,3
285,3
286,3
287,4
288,3
289,3
290,3
291,3
292,3
293,1
294,0
295,3
296,3
297,4
298,3
299,3
300,0
301,3
302,0
303,1
304,4
305,3
306,0
307,2
308,3
309,3
310,3
311,1
312,3
313,3
314,3
315,3
316,3
317,3
318,3
319,4
320,4
321,3
322,3
323,4
324,4
325,4
326,3
327,3
328,4
329,3
330,3
331,3
332,4
333,3
334,3
335,3
336,4
337,3
338,3
339,3
340,2
341,3
342,4
343,4
344,4
345,3
346,4
347,3
348,3
349,4
350,3
351,3
352,3
353,3
354,3
355,3
356,0
357,0
358,3
359,3
360,4
361,4
362,3
363,1
364,4
365,3
366,4
367,3
368,3
369,3
370,3
371,3
372,1
373,3
374,3
375,0
376,3
377,3
378,3
379,3
380,4
381,3
382,3
383,4
384,4
385,3
386,4
387,3
388,3
389,1
390,3
391,4
392,3
393,4
394,3
395,3
396,3
397,4
398,3
399,3
400,4
401,3
402,4
403,4
404,4
405,1
406,3
407,0
408,3
409,3
410,3
411,4
412,3
413,3
414,1
415,4
416,3
417,0
418,3
419,3
420,3
421,0
422,0
423,3
424,0
425,4
426,3
427,3
428,3
429,4
430,3
431,0
432,4
433,3
434,3
435,3
436,3
437,4
438,4
439,3
440,3
441,3
442,3
443,1
444,0
445,3
446,3
447,4
448,4
449,4
450,4
451,3
452,4
453,3
454,3
455,3
456,4
457,3
458,3
459,3
460,0
461,3
462,3
463,4
464,3
465,4
466,4
467,4
468,4
469,3
470,3
471,4
472,3
473,3
474,3
475,4
476,1
477,3
478,3
479,3
480,3
481,3
482,4
483,3
484,3
485,3
486,1
487,3
488,3
489,4
490,3
491,3
492,4
493,4
494,3
495,3
496,3
497,4
498,3
499,1
500,3
501,3
502,3
503,3
504,3
505,3
506,4
507,3
508,1
509,3
510,3
511,3
512,3
513,3
514,3
515,4
516,3
517,3
518,3
519,3
520,3
521,3
522,3
523,1
524,3
525,3
526,3
527,3
528,3
529,3
530,3
531,3
532,1
533,4
534,4
535,0
536,3
537,3
538,3
539,3
540,3
541,3
542,4
543,4
544,4
545,3
546,3
547,3
548,3
549,3
550,1
551,3
552,1
553,3
554,3
555,3
556,3
557,3
558,1
559,3
560,3
561,3
562,1
563,4
564,4
565,3
566,4
567,3
568,4
569,1
570,3
571,3
572,4
573,3
574,3
575,4
576,3
577,2
578,1
579,3
580,3
581,3
582,1
583,3
584,3
585,3
586,3
587,1
588,3
589,4
590,3
591,3
592,3
593,3
594,1
595,4
596,3
597,3
598,4
599,3
600,1
601,3
602,3
603,3
604,2
605,4
606,3
607,1
608,3
609,3
610,0
611,3
612,3
613,3
614,4
615,3
616,3
617,4
618,3
619,1
620,4
621,4
622,3
623,3
624,3
625,3
626,4
627,3
628,3
629,3
630,3
631,3
632,3
633,4
634,3
635,3
636,3
637,2
638,3
639,1
640,3
641,4
642,3
643,3
644,3
645,3
646,3
647,4
648,3
649,3
650,4
651,3
652,3
653,3
654,4
655,3
656,2
657,3
658,3
659,1
660,4
661,4
662,4
663,4
664,4
665,3
666,4
667,3
668,3
669,3
670,3
671,3
672,3
673,4
674,4
675,3
676,3
677,3
678,4
679,3
680,3
681,3
682,4
683,3
684,3
685,4
686,1
687,3
688,1
689,4
690,4
691,3
692,3
693,2
694,3
695,3
696,3
697,3
698,1
699,3
700,1
701,3
702,3
703,3
704,3
705,3
706,3
707,4
708,3
709,3
710,3
711,3
712,3
713,3
714,4
715,3
716,3
717,3
718,1
719,3
720,3
721,2
722,1
723,3
724,3
725,3
726,3
727,3
728,3
729,3
730,3
731,4
732,3
733,4
734,4
735,3
736,4
737,3
738,3
739,3
740,4
741,3
742,4
743,4
744,3
745,0
746,1
747,3
748,4
749,3
750,3
751,3
752,3
753,3
754,4
755,3
756,1
757,3
758,3
759,3
760,3
761,3
762,1
763,4
764,3
765,3
766,1
767,3
768,3
769,0
770,1
771,3
772,3
773,3
774,3
775,4
776,3
777,3
778,3
779,3
780,4
781,0
782,3
783,3
784,3
785,3
786,3
787,3
788,3
789,3
790,4
791,3
792,4
793,3
794,4
795,3
796,3
797,3
798,3
799,3
800,3
801,1
802,3
803,3
804,3
805,4
806,4
807,1
808,3
809,4
810,3
811,3
812,4
813,3
814,3
815,3
816,3
817,3
818,2
819,3
820,1
821,1
822,3
823,3
824,2
825,3
826,3
827,3
828,1
829,4
830,3
831,3
832,3
833,3
834,3
835,0
836,3
837,4
838,4
839,1
840,3
841,3
842,3
843,3
844,4
845,3
846,3
847,3
848,4
849,3
850,3
851,4
852,3
853,4
854,0
855,3
856,3
857,3
858,3
859,3
860,3
861,3
862,4
863,3
864,3
865,4
866,4
867,3
868,1
869,3
870,1
871,3
872,4
873,3
874,4
875,3
876,4
877,3
878,4
879,1
880,4
881,4
882,3
883,3
884,3
885,3
886,3
887,3
888,3
889,3
890,4
891,3
892,4
893,4
894,3
895,1
896,3
897,4
898,4
899,3
900,3
901,4
902,3
903,3
904,3
905,3
906,3
907,4
908,3
909,0
910,3
911,3
912,1
913,4
914,3
915,2
916,3
917,4
918,4
919,3
920,3
921,3
922,3
923,3
924,2
925,4
926,3
927,3
928,0
929,3
930,4
931,3
932,4
933,4
934,3
935,3
936,3
937,1
938,0
939,3
940,3
941,1
942,3
943,3
944,3
945,3
946,3
947,3
948,3
949,0
950,3
951,3
952,3
953,3
954,3
955,1
956,4
957,3
958,1
959,3
960,4
961,1
962,3
963,3
964,3
965,3
966,3
967,3
968,3
969,3
970,4
971,1
972,2
973,4
974,3
975,3
976,3
977,3
978,3
979,4
980,3
981,4
982,4
983,3
984,4
985,1
986,3
987,4
988,3
989,4
990,3
991,3
992,3
993,3
994,3
995,3
996,0
997,3
998,3
999,3
1000,3
1001,4
1002,3
1003,3
1004,4
1005,3
1006,3
1007,3
1008,3
1009,2
1010,3
1011,4
1012,4
1013,3
1014,4
1015,4
1016,4
1017,4
1018,3
1019,3
1020,4
1021,3
1022,3
1023,4
1024,3
1025,3
1026,3
1027,3
1028,3
1029,1
1030,3
1031,3
1032,4
1033,4
1034,3
1035,3
1036,4
1037,3
1038,3
1039,2
1040,3
1041,4
1042,4
1043,4
1044,3
1045,4
1046,0
1047,3
1048,4
1049,3
1050,3
1051,0
1052,4
1053,3
1054,4
1055,4
1056,3
1057,3
1058,3
1059,3
1060,4
1061,4
1062,4
1063,2
1064,4
1065,3
1066,4
1067,4
1068,3
1069,1
1070,3
1071,3
1072,4
1073,3
1074,3
1075,3
1076,4
1077,4
1078,3
1079,3
1080,1
1081,2
1082,3
1083,3
1084,3
1085,3
1086,4
1087,1
1088,4
1089,3
1090,3
1091,3
1092,4
1093,3
1094,4
1095,3
1096,3
1097,3
1098,3
1099,4
1100,3
1101,3
1102,3
1103,4
1104,3
1105,3
1106,4
1107,3
1108,3
1109,3
1110,0
1111,1
1112,3
1113,3
1114,3
1115,3
1116,3
1117,4
1118,3
1119,3
1120,3
1121,3
1122,2
1123,3
1124,4
1125,4
1126,3
1127,3
1128,3
1129,3
1130,3
1131,4
1132,3
1133,3
1134,4
1135,3
1136,1
1137,3
1138,3
1139,3
1140,3
1141,3
1142,3
1143,3
1144,3
1145,3
1146,3
1147,4
1148,3
1149,3
1150,4
1151,3
1152,3
1153,3
1154,3
1155,3
1156,3
1157,3
1158,3
1159,3
1160,3
1161,3
1162,3
1163,3
1164,4
1165,3
1166,3
1167,2
1168,4
1169,4
1170,3
1171,4
1172,3
1173,3
1174,3
1175,3
1176,4
1177,3
1178,3
1179,3
1180,3
1181,3
1182,3
1183,3
1184,3
1185,4
1186,4
1187,3
1188,3
1189,3
1190,3
1191,3
1192,1
1193,3
1194,3
1195,3
1196,3
1197,4
1198,4
1199,3
1200,3
1201,3
1202,3
1203,3
1204,4
1205,3
1206,4
1207,2
1208,3
1209,1
1210,3
1211,3
1212,3
1213,3
1214,1
1215,3
1216,3
1217,0
1218,4
1219,3
1220,3
1221,3
1222,3
1223,3
1224,3
1225,1
1226,3
1227,3
1228,3
1229,3
1230,3
1231,3
1232,4
1233,2
1234,3
1235,3
1236,4
1237,3
1238,3
1239,3
1240,4
1241,3
1242,3
1243,3
1244,3
1245,3
1246,3
1247,4
1248,3
1249,4
1250,3
1251,3
1252,4
1253,4
1254,3
1255,3
1256,4
1257,3
1258,3
1259,4
1260,3
1261,3
1262,3
1263,1
1264,3
1265,4
1266,4
1267,3
1268,4
1269,3
1270,3
1271,3
1272,1
1273,4
1274,4
1275,3
1276,4
1277,4
1278,3
1279,4
1280,3
1281,4
1282,1
1283,3
1284,4
1285,3
1286,3
1287,3
1288,3
1289,1
1290,3
1291,3
1292,3
1293,4
1294,3
1295,3
1296,3
1297,4
1298,3
1299,4
1300,3
1301,3
1302,3
1303,3
1304,3
1305,3
1306,3
1307,3
1308,4
1309,3
1310,4
1311,3
1312,0
1313,0
1314,3
1315,3
1316,4
1317,3
1318,1
1319,4
1320,3
1321,3
1322,1
1323,3
1324,3
1325,3
1326,3
1327,3
1328,4
1329,3
1330,1
1331,4
1332,3
1333,4
1334,3
1335,3
1336,4
1337,4
1338,3
1339,3
1340,3
1341,3
1342,3
1343,3
1344,2
1345,3
1346,3
1347,4
1348,4
1349,3
1350,3
1351,1
1352,3
1353,3
1354,3
1355,4
1356,3
1357,4
1358,3
1359,1
1360,0
1361,3
1362,3
1363,4
1364,3
1365,3
1366,3
1367,4
1368,3
1369,3
1370,3
1371,3
1372,3
1373,3
1374,2
1375,3
1376,3
1377,3
1378,4
1379,3
1380,4
1381,4
1382,3
1383,3
1384,4
1385,3
1386,1
1387,3
1388,4
1389,3
1390,3
1391,4
1392,3
1393,3
1394,4
1395,1
1396,3
1397,3
1398,3
1399,3
1400,3
1401,3
1402,3
1403,4
1404,3
1405,0
1406,4
1407,3
1408,4
1409,3
1410,3
1411,4
1412,3
1413,3
1414,4
1415,3
1416,3
1417,3
1418,3
1419,3
1420,3
1421,0
1422,0
1423,3
1424,3
1425,1
1426,1
1427,3
1428,3
1429,3
1430,0
1431,3
1432,3
1433,3
1434,4
1435,3
1436,4
1437,3
1438,3
1439,3
1440,1
1441,3
1442,3
1443,3
1444,3
1445,4
1446,3
1447,3
1448,3
1449,3
1450,4
1451,3
1452,3
1453,3
1454,3
1455,3
1456,3
1457,3
1458,4
1459,1
1460,1
1461,3
1462,3
1463,3
1464,4
1465,3
1466,4
1467,4
1468,4
1469,3
1470,3
1471,1
1472,2
1473,4
1474,4
1475,3
1476,4
1477,3
1478,3
1479,3
1480,3
1481,4
1482,3
1483,3
1484,3
1485,2
1486,3
1487,4
1488,4
1489,3
1490,4
1491,3
1492,2
1493,1
1494,3
1495,4
1496,4
1497,1
1498,3
1499,3
1500,3
1501,2
1502,3
1503,3
1504,4
1505,3
1506,3
1507,3
1508,3
1509,1
1510,1
1511,3
1512,4
1513,4
1514,3
1515,1
1516,4
1517,3
1518,1
1519,1
1520,4
1521,3
1522,4
1523,1
1524,4
1525,3
1526,3
1527,3
1528,4
1529,3
1530,4
1531,3
1532,4
1533,3
1534,0
1535,3
1536,3
1537,2
1538,3
1539,3
1540,3
1541,0
1542,3
1543,3
1544,3
1545,4
1546,3
1547,3
1548,3
1549,3
1550,3
1551,4
1552,0
1553,4
1554,4
1555,1
1556,2
1557,3
1558,3
1559,3
1560,3
1561,3
1562,3
1563,3
1564,3
1565,4
1566,3
1567,4
1568,4
1569,3
1570,3
1571,4
1572,3
1573,3
1574,3
1575,3
1576,3
1577,3
1578,3
1579,2
1580,3
1581,3
1582,3
1583,3
1584,4
1585,4
1586,3
1587,3
1588,3
1589,1
1590,4
1591,3
1592,4
1593,3
1594,3
1595,4
1596,4
1597,3
1598,4
1599,4
1600,3
1601,3
1602,3
1603,3
1604,3
1605,3
1606,4
1607,0
1608,3
1609,3
1610,3
1611,3
1612,3
1613,4
1614,1
1615,3
1616,4
1617,4
1618,3
1619,0
1620,3
1621,3
1622,4
1623,4
1624,4
1625,3
1626,3
1627,3
1628,3
1629,3
1630,4
1631,3
1632,1
1633,0
1634,3
1635,4
1636,4
1637,0
1638,3
1639,3
1640,4
1641,1
1642,3
1643,3
1644,4
1645,3
1646,4
1647,3
1648,3
1649,4
1650,3
1651,4
1652,3
1653,3
1654,3
1655,1
1656,3
1657,3
1658,3
1659,3
1660,3
1661,1
1662,3
1663,3
1664,3
1665,4
1666,3
1667,1
1668,4
1669,3
1670,3
1671,3
1672,4
1673,3
1674,3
1675,3
1676,3
1677,4
1678,3
1679,1
1680,4
1681,4
1682,4
1683,4
1684,3
1685,2
1686,3
1687,4
1688,4
1689,3
1690,4
1691,3
1692,4
1693,4
1694,1
1695,4
1696,3
1697,4
1698,3
1699,3
1700,3
1701,3
1702,3
1703,3
1704,3
1705,4
1706,3
1707,3
1708,3
1709,3
1710,4
1711,3
1712,3
1713,3
1714,3
1715,3
1716,3
1717,3
1718,4
1719,4
1720,4
1721,0
1722,3
1723,3
1724,4
1725,3
1726,3
1727,3
1728,3
1729,3
1730,3
1731,3
1732,3
1733,4
1734,3
1735,3
1736,3
1737,3
1738,4
1739,3
1740,4
1741,3
1742,4
1743,3
1744,1
1745,3
1746,3
1747,3
1748,3
1749,3
1750,1
1751,1
1752,4
1753,3
1754,4
1755,4
1756,3
1757,4
1758,0
1759,3
1760,0
1761,3
1762,0
1763,3
1764,3
1765,4
1766,3
1767,3
1768,3
1769,3
1770,3
1771,3
1772,4
1773,3
1774,3
1775,3
1776,3
1777,3
1778,3
1779,3
1780,1
1781,3
1782,3
1783,4
1784,3
1785,4
1786,4
1787,3
1788,3
1789,3
1790,3
1791,0
1792,4
1793,3
1794,3
1795,3
1796,4
1797,3
1798,2
1799,1
1800,3
1801,4
1802,4
1803,3
1804,4
1805,3
1806,3
1807,3
1808,3
1809,3
1810,4
1811,3
1812,4
1813,3
1814,4
1815,3
1816,3
1817,3
1818,3
1819,3
1820,3
1821,3
1822,3
1823,3
1824,3
1825,1
1826,3
1827,2
1828,3
1829,2
1830,3
1831,3
1832,3
1833,3
1834,3
1835,3
1836,4
1837,0
1838,1
1839,4
1840,3
1841,4
1842,3
1843,4
1844,3
1845,4
1846,4
1847,3
1848,0
1849,3
1850,3
1851,0
1852,4
1853,1
1854,3
1855,3
1856,3
1857,3
1858,4
1859,3
1860,3
1861,3
1862,3
1863,4
1864,3
1865,1
1866,3
1867,3
1868,4
1869,3
1870,3
1871,3
1872,3
1873,3
1874,3
1875,4
1876,3
1877,1
1878,3
1879,3
1880,3
1881,3
1882,3
1883,3
1884,4
1885,4
1886,3
1887,1
1888,3
1889,4
1890,4
1891,4
1892,3
1893,4
1894,4
1895,3
1896,3
1897,3
1898,1
1899,0
1900,4
1901,4
1902,3
1903,1
1904,3
1905,3
1906,3
1907,4
1908,3
1909,3
1910,3
1911,2
1912,1
1913,4
1914,4
1915,3
1916,3
1917,3
1918,3
1919,1
1920,4
1921,4
1922,3
1923,3
1924,3
1925,3
1926,4
1927,3
1928,3
1929,4
1930,1
1931,3
1932,3
1933,3
1934,3
1935,3
1936,3
1937,1
1938,1
1939,4
1940,3
1941,3
1942,3
1943,3
1944,3
1945,3
1946,4
1947,4
1948,3
1949,1
1950,4
1951,4
1952,3
1953,3
1954,3
1955,4
1956,3
1957,4
1958,3
1959,3
1960,0
1961,2
1962,4
1963,3
1964,3
1965,4
1966,3
1967,3
1968,3
1969,3
1970,3
1971,1
1972,3
1973,3
1974,3
1975,3
1976,4
1977,3
1978,3
1979,3
1980,4
1981,3
1982,1
1983,0
1984,3
1985,4
1986,3
1987,3
1988,4
1989,3
1990,3
1991,3
1992,3
1993,4
1994,4
1995,3
1996,3
1997,4
1998,3
1999,3
2000,0
2001,3
2002,3
2003,0
2004,3
2005,1
2006,4
2007,3
2008,3
2009,3
2010,3
2011,3
2012,3
2013,3
2014,3
2015,3
2016,3
2017,0
2018,4
2019,4
2020,4
2021,3
2022,4
2023,3
2024,3
2025,3
2026,1
2027,3
2028,3
2029,3
2030,4
2031,4
2032,3
2033,4
2034,4
2035,3
2036,4
2037,4
2038,3
2039,4
2040,3
2041,3
2042,3
2043,3
2044,3
2045,2
2046,4
2047,3
2048,3
2049,3
2050,3
2051,3
2052,3
2053,3
2054,3
2055,3
2056,4
2057,3
2058,3
2059,4
2060,3
2061,3
2062,1
2063,3
2064,3
2065,3
2066,3
2067,3
2068,3
2069,1
2070,4
2071,1
2072,1
2073,3
2074,3
2075,3
2076,4
2077,4
2078,3
2079,4
2080,3
2081,3
2082,3
2083,3
2084,3
2085,3
2086,4
2087,3
2088,3
2089,4
2090,3
2091,3
2092,3
2093,3
2094,3
2095,3
2096,3
2097,3
2098,3
2099,3
2100,3
2101,3
2102,3
2103,3
2104,4
2105,4
2106,3
2107,3
2108,4
2109,3
2110,0
2111,3
2112,3
2113,3
2114,3
2115,4
2116,3
2117,3
2118,4
2119,3
2120,3
2121,4
2122,3
2123,3
2124,3
2125,4
2126,3
2127,3
2128,3
2129,4
2130,3
2131,3
2132,3
2133,2
2134,3
2135,3
2136,3
2137,4
2138,3
2139,2
2140,1
2141,3
2142,3
2143,3
2144,3
2145,3
2146,4
2147,3
2148,4
2149,4
2150,4
2151,3
2152,4
2153,3
2154,4
2155,3
2156,4
2157,3
2158,3
2159,3
2160,4
2161,3
2162,1
2163,3
2164,1
2165,4
2166,3
2167,3
2168,4
2169,3
2170,3
2171,3
2172,4
2173,3
2174,3
2175,3
2176,3
2177,1
2178,4
2179,3
2180,3
2181,3
2182,4
2183,3
2184,1
2185,4
2186,3
2187,3
2188,0
2189,4
2190,4
2191,3
2192,3
2193,3
2194,3
2195,4
2196,4
2197,4
2198,0
2199,4
2200,3
2201,3
2202,3
2203,3
2204,3
2205,3
2206,3
2207,3
2208,3
2209,3
2210,2
2211,4
2212,3
2213,3
2214,4
2215,4
2216,4
2217,3
2218,3
2219,3
2220,3
2221,3
2222,4
2223,4
2224,4
2225,3
2226,1
2227,3
2228,4
2229,3
2230,3
2231,4
2232,3
2233,3
2234,3
2235,4
2236,3
2237,3
2238,1
2239,4
2240,3
2241,4
2242,1
2243,3
2244,3
2245,3
2246,3
2247,3
2248,4
2249,3
2250,3
2251,3
2252,3
2253,4
2254,4
2255,3
2256,3
2257,2
2258,3
2259,1
2260,3
2261,4
2262,3
2263,4
2264,4
2265,3
2266,3
2267,2
2268,4
2269,3
2270,4
2271,3
2272,3
2273,3
2274,3
2275,3
2276,4
2277,4
2278,4
2279,3
2280,3
2281,3
2282,1
2283,3
2284,4
2285,3
2286,4
2287,4
2288,3
2289,4
2290,3
2291,4
2292,3
2293,0
2294,3
2295,3
2296,1
2297,3
2298,4
2299,4
2300,4
2301,0
2302,3
2303,3
2304,1
2305,4
2306,3
2307,3
2308,3
2309,3
2310,3
2311,3
2312,4
2313,3
2314,3
2315,3
2316,3
2317,3
2318,0
2319,3
2320,4
2321,3
2322,3
2323,1
2324,3
2325,3
2326,3
2327,3
2328,3
2329,4
2330,3
2331,3
2332,3
2333,3
2334,4
2335,3
2336,3
2337,4
2338,3
2339,3
2340,3
2341,4
2342,3
2343,4
2344,4
2345,3
2346,3
2347,0
2348,3
2349,3
2350,4
2351,4
2352,3
2353,4
2354,3
2355,3
2356,0
2357,3
2358,3
2359,3
2360,3
2361,3
2362,4
2363,3
2364,1
2365,2
2366,3
2367,3
2368,4
2369,3
2370,3
2371,3
2372,3
2373,3
2374,1
2375,3
2376,3
2377,3
2378,4
2379,3
2380,3
2381,3
2382,4
2383,4
2384,4
2385,3
2386,4
2387,4
2388,3
2389,3
2390,3
2391,0
2392,0
2393,3
2394,4
2395,4
2396,3
2397,3
2398,4
2399,0
2400,1
2401,3
2402,3
2403,3
2404,3
2405,4
2406,3
2407,3
2408,4
2409,0
2410,4
2411,3
2412,0
2413,4
2414,4
2415,3
2416,3
2417,3
2418,1
2419,4
2420,3
2421,2
2422,4
2423,3
2424,1
2425,3
2426,3
2427,3
2428,3
2429,4
2430,4
2431,3
2432,4
2433,3
2434,2
2435,3
2436,4
2437,3
2438,4
2439,3
2440,3
2441,3
2442,3
2443,3
2444,3
2445,1
2446,4
2447,1
2448,0
2449,3
2450,3
2451,3
2452,3
2453,4
2454,3
2455,2
2456,3
2457,3
2458,1
2459,3
2460,4
2461,3
2462,3
2463,4
2464,4
2465,3
2466,3
2467,3
2468,1
2469,3
2470,3
2471,4
2472,3
2473,3
2474,3
2475,3
2476,4
2477,4
2478,3
2479,3
2480,3
2481,3
2482,1
2483,2
2484,4
2485,3
2486,3
2487,4
2488,3
2489,3
2490,4
2491,3
2492,4
2493,4
2494,3
2495,3
2496,1
2497,1
2498,3
2499,4
2500,3
2501,3
2502,1
2503,3
2504,3
2505,3
2506,3
2507,3
2508,4
2509,3
2510,3
2511,4
2512,1
2513,3
2514,1
2515,3
2516,4
2517,3
2518,4
2519,3
2520,3
2521,3
2522,3
2523,4
2524,3
2525,3
2526,4
2527,3
2528,3
2529,3
2530,3
2531,3
2532,3
2533,3
2534,3
2535,3
2536,4
2537,3
2538,3
2539,3
2540,1
2541,3
2542,3
2543,3
2544,3
2545,3
2546,1
2547,4
2548,4
2549,1
2550,3
2551,3
2552,3
2553,3
2554,3
2555,4
2556,3
2557,3
2558,3
2559,3
2560,3
2561,3
2562,3
2563,3
2564,3
2565,3
2566,3
2567,3
2568,3
2569,3
2570,3
2571,3
2572,3
2573,3
2574,3
2575,3
2576,3
2577,4
2578,1
2579,4
2580,4
2581,4
2582,4
2583,1
2584,3
2585,4
2586,0
2587,3
2588,3
2589,1
2590,3
2591,1
2592,1
2593,3
2594,3
2595,4
2596,3
2597,4
2598,4
2599,3
2600,3
2601,3
2602,4
2603,3
2604,3
2605,3
2606,4
2607,3
2608,3
2609,3
2610,2
2611,3
2612,3
2613,4
2614,3
2615,3
2616,3
2617,3
2618,3
2619,3
2620,4
2621,3
2622,3
2623,3
2624,4
2625,1
2626,4
2627,4
2628,3
2629,3
2630,3
2631,3
2632,3
2633,3
2634,3
2635,3
2636,3
2637,3
2638,3
2639,3
2640,3
2641,0
2642,3
2643,1
2644,4
2645,3
2646,3
2647,3
2648,3
2649,3
2650,3
2651,3
2652,3
2653,3
2654,3
2655,3
2656,4
2657,1
2658,3
2659,3
2660,4
2661,3
2662,3
2663,3
2664,1
2665,1
2666,3
2667,3
2668,3
2669,3
2670,3
2671,3
2672,3
2673,1
2674,3
2675,3
2676,3
2677,3
2678,4
2679,3
2680,3
2681,3
2682,0
2683,3
2684,3
2685,3
2686,3
2687,3
2688,1
2689,4
2690,3
2691,1
2692,3
2693,4
2694,3
2695,3
2696,4
2697,3
2698,3
2699,3
2700,3
2701,3
2702,4
2703,3
2704,3
2705,3
2706,3
2707,2
2708,3
2709,3
2710,3
2711,3
2712,4
2713,3
2714,3
2715,1
2716,3
2717,3
2718,3
2719,3
2720,4
2721,3
2722,3
2723,3
2724,2
2725,3
2726,3
2727,3
2728,3
2729,3
2730,4
2731,3
2732,3
2733,3
2734,3
2735,3
2736,3
2737,4
2738,4
2739,3
2740,4
2741,1
2742,3
2743,3
2744,4
2745,3
2746,3
2747,3
2748,3
2749,3
2750,3
2751,3
2752,1
2753,2
2754,3
2755,3
2756,3
2757,3
2758,3
2759,4
2760,3
2761,3
2762,3
2763,3
2764,4
2765,3
2766,3
2767,4
2768,3
2769,3
2770,3
2771,1
2772,4
2773,4
2774,4
2775,3
2776,3
2777,4
2778,3
2779,3
2780,3
2781,3
2782,4
2783,1
2784,3
2785,3
2786,3
2787,4
2788,3
2789,3
2790,1
2791,3
2792,4
2793,3
2794,3
2795,3
2796,3
2797,3
2798,3
2799,3
2800,4
2801,3
2802,3
2803,1
2804,4
2805,3
2806,0
2807,3
2808,4
2809,3
2810,4
2811,3
2812,3
2813,3
2814,3
2815,4
2816,3
2817,1
2818,3
2819,3
2820,3
2821,3
2822,3
2823,1
2824,3
2825,3
2826,4
2827,1
2828,3
2829,3
2830,3
2831,3
2832,4
2833,3
2834,3
2835,4
2836,3
2837,3
2838,1
2839,3
2840,4
2841,3
2842,3
2843,3
2844,3
2845,3
2846,4
2847,3
2848,3
2849,3
2850,3
2851,1
2852,3
2853,4
2854,3
2855,3
2856,3
2857,4
2858,4
2859,3
2860,4
2861,4
2862,4
2863,3
2864,3
2865,3
2866,4
2867,3
2868,3
2869,3
2870,3
2871,3
2872,3
2873,3
2874,3
2875,4
2876,3
2877,3
2878,4
2879,4
2880,4
2881,4
2882,4
2883,4
2884,4
2885,3
2886,4
2887,3
2888,2
2889,3
2890,4
2891,4
2892,0
2893,3
2894,3
2895,4
2896,4
2897,0
2898,3
2899,4
2900,3
2901,3
2902,3
2903,4
2904,3
2905,4
2906,1
2907,4
2908,3
2909,3
2910,0
2911,3
2912,4
2913,3
2914,3
2915,3
2916,3
2917,3
2918,0
2919,4
2920,3
2921,1
2922,3
2923,3
2924,3
2925,3
2926,3
2927,3
2928,4
2929,3
2930,3
2931,3
2932,4
2933,1
2934,3
2935,3
2936,3
2937,3
2938,3
2939,3
2940,3
2941,3
2942,3
2943,4
2944,3
2945,3
2946,4
2947,3
2948,3
2949,3
2950,1
2951,3
2952,4
2953,3
2954,3
2955,3
2956,3
2957,3
2958,3
2959,0
2960,4
2961,4
2962,3
2963,3
2964,3
2965,0
2966,3
2967,3
2968,3
2969,3
2970,3
2971,3
2972,4
2973,3
2974,3
2975,3
2976,4
2977,3
2978,3
2979,3
2980,4
2981,3
2982,1
2983,4
2984,3
2985,3
2986,3
2987,3
2988,3
2989,4
2990,2
2991,4
2992,3
2993,4
2994,3
2995,3
2996,3
2997,3
2998,1
2999,3
3000,4
3001,4
3002,3
3003,4
3004,3
3005,3
3006,3
3007,0
3008,3
3009,3
3010,1
3011,2
3012,3
3013,3
3014,3
3015,3
3016,3
3017,3
3018,4
3019,4
3020,4
3021,3
3022,4
3023,1
3024,3
3025,3
3026,1
3027,3
3028,4
3029,3
3030,2
3031,3
3032,4
3033,4
3034,3
3035,3
3036,3
3037,3
3038,4
3039,2
3040,3
3041,3
3042,3
3043,3
3044,3
3045,3
3046,4
3047,1
3048,3
3049,3
3050,3
3051,4
3052,3
3053,4
3054,3
3055,4
3056,4
3057,4
3058,3
3059,4
3060,3
3061,3
3062,3
3063,3
3064,3
3065,3
3066,3
3067,3
3068,3
3069,3
3070,3
3071,3
3072,3
3073,3
3074,3
3075,3
3076,4
3077,1
3078,3
3079,3
3080,3
3081,4
3082,3
3083,1
3084,4
3085,4
3086,3
3087,3
3088,0
3089,4
3090,0
3091,3
3092,4
3093,3
3094,3
3095,3
3096,3
3097,4
3098,3
3099,3
3100,3
3101,3
3102,4
3103,4
3104,3
3105,3
3106,4
3107,1
3108,3
3109,3
3110,3
3111,3
3112,1
3113,3
3114,3
3115,4
3116,4
3117,4
3118,3
3119,3
3120,3
3121,3
3122,3
3123,3
3124,3
3125,3
3126,3
3127,3
3128,4
3129,3
3130,4
3131,4
3132,3
3133,4
3134,3
3135,4
3136,3
3137,3
3138,0
3139,3
3140,3
3141,2
3142,3
3143,4
3144,3
3145,4
3146,1
3147,3
3148,3
3149,4
3150,3
3151,4
3152,1
3153,4
3154,3
3155,3
3156,3
3157,3
3158,4
3159,3
3160,1
3161,3
3162,3
3163,3
3164,3
3165,4
3166,3
3167,3
3168,3
3169,3
3170,3
3171,4
3172,4
3173,3
3174,3
3175,4
3176,4
3177,3
3178,3
3179,4
3180,3
3181,3
3182,3
3183,3
3184,3
3185,3
3186,4
3187,4
3188,3
3189,3
3190,3
3191,3
3192,3
3193,3
3194,4
3195,3
3196,3
3197,3
3198,3
3199,3
3200,1
3201,3
3202,4
3203,4
3204,0
3205,4
3206,3
3207,1
3208,1
3209,3
3210,3
3211,3
3212,3
3213,3
3214,3
3215,3
3216,1
3217,4
3218,3
3219,3
3220,3
3221,4
3222,3
3223,0
3224,3
3225,3
3226,3
3227,3
3228,3
3229,4
3230,3
3231,1
3232,3
3233,1
3234,4
3235,4
3236,4
3237,3
3238,3
3239,1
3240,4
3241,3
3242,1
3243,4
3244,3
3245,3
3246,3
3247,3
3248,3
3249,4
3250,4
3251,4
3252,3
3253,3
3254,1
3255,0
3256,3
3257,3
3258,4
3259,3
3260,4
3261,3
3262,3
3263,1
3264,4
3265,4
3266,3
3267,4
3268,3
3269,4
3270,4
3271,3
3272,3
3273,1
3274,4
3275,3
3276,3
3277,3
3278,3
3279,3
3280,1
3281,3
3282,0
3283,3
3284,3
3285,4
3286,3
3287,1
3288,0
3289,3
3290,3
3291,3
3292,4
3293,3
3294,3
3295,3
3296,3
3297,3
3298,3
3299,4
3300,3
3301,3
3302,3
3303,3
3304,0
3305,3
3306,3
3307,4
3308,3
3309,3
3310,3
3311,3
3312,0
3313,3
3314,3
3315,4
3316,3
3317,4
3318,4
3319,3
3320,3
3321,3
3322,3
3323,3
3324,3
3325,3
3326,3
3327,3
3328,3
3329,3
3330,4
3331,4
3332,3
3333,3
3334,3
3335,3
3336,0
3337,3
3338,3
3339,3
3340,0
3341,1
3342,1
3343,0
3344,3
3345,4
3346,3
3347,3
3348,3
3349,3
3350,4
3351,3
3352,3
3353,3
3354,3
3355,1
3356,3
3357,1
3358,3
3359,3
3360,3
3361,3
3362,3
3363,3
3364,3
3365,3
3366,3
3367,4
3368,3
3369,3
3370,3
3371,3
3372,3
3373,3
3374,4
3375,4
3376,4
3377,3
3378,3
3379,4
3380,3
3381,3
3382,3
3383,3
3384,3
3385,3
3386,1
3387,4
3388,3
3389,3
3390,4
3391,3
3392,4
3393,3
3394,3
3395,3
3396,4
3397,3
3398,4
3399,3
3400,3
3401,3
3402,4
3403,3
3404,3
3405,3
3406,4
3407,3
3408,3
3409,3
3410,3
3411,2
3412,3
3413,3
3414,1
3415,3
3416,0
3417,4
3418,4
3419,1
3420,3
3421,3
3422,3
3423,4
3424,3
3425,4
3426,4
3427,4
3428,3
3429,3
3430,3
3431,3
3432,4
3433,4
3434,4
3435,4
3436,3
3437,3
3438,3
3439,3
3440,3
3441,3
3442,0
3443,3
3444,3
3445,3
3446,3
3447,3
3448,3
3449,4
3450,4
3451,3
3452,4
3453,4
3454,4
3455,3
3456,4
3457,3
3458,3
3459,0
3460,3
3461,3
3462,1
3463,1
3464,4
3465,1
3466,1
3467,2
3468,2
3469,4
3470,3
3471,4
3472,4
3473,3
3474,3
3475,3
3476,3
3477,3
3478,4
3479,3
3480,4
3481,4
3482,3
3483,3
3484,3
3485,3
3486,3
3487,3
3488,1
3489,4
3490,3
3491,1
3492,3
3493,3
3494,3
3495,4
3496,3
3497,3
3498,4
3499,1
3500,4
3501,4
3502,3
3503,3
3504,3
3505,3
3506,3
3507,4
3508,3
3509,3
3510,3
3511,1
3512,0
3513,3
3514,3
3515,1
3516,0
3517,3
3518,3
3519,1
3520,1
3521,4
3522,3
3523,3
3524,0
3525,3
3526,3
3527,3
3528,3
3529,1
3530,4
3531,3
3532,3
3533,4
3534,3
3535,1
3536,4
3537,3
3538,4
3539,1
3540,3
3541,4
3542,3
3543,3
3544,3
3545,3
3546,4
3547,4
3548,3
3549,3
3550,3
3551,3
3552,3
3553,1
3554,3
3555,0
3556,4
3557,4
3558,4
3559,3
3560,1
3561,3
3562,4
3563,0
3564,2
3565,3
3566,1
3567,4
3568,1
3569,3
3570,3
3571,3
3572,3
3573,3
3574,3
3575,3
3576,3
3577,3
3578,1
3579,3
3580,3
3581,3
3582,4
3583,3
3584,3
3585,4
3586,3
3587,3
3588,3
3589,3
3590,4
3591,3
3592,4
3593,3
3594,3
3595,3
3596,3
3597,3
3598,3
3599,3
3600,4
3601,3
3602,3
3603,4
3604,3
3605,3
3606,3
3607,3
3608,3
3609,1
3610,1
3611,3
3612,3
3613,4
3614,4
3615,3
3616,3
3617,3
3618,3
3619,3
3620,3
3621,3
3622,3
3623,4
3624,4
3625,3
3626,3
3627,3
3628,4
3629,3
3630,2
3631,4
3632,3
3633,0
3634,3
3635,4
3636,3
3637,3
3638,3
3639,3
3640,4
3641,1
3642,3
3643,1
3644,4
3645,1
3646,3
3647,3
3648,4
3649,4
3650,4
3651,3
3652,3
3653,3
3654,1
3655,3
3656,3
3657,3
3658,3
3659,3
3660,4
3661,1
3662,4
3663,3
3664,3
3665,3
3666,3
3667,3
3668,2
3669,4
3670,3
3671,3
3672,3
3673,4
3674,3
3675,1
3676,1
3677,4
3678,3
3679,0
3680,3
3681,4
3682,3
3683,4
3684,4
3685,3
3686,3
3687,4
3688,4
3689,3
3690,1
3691,4
3692,3
3693,4
3694,3
3695,3
3696,3
3697,0
3698,3
3699,4
3700,3
3701,1
3702,4
3703,3
3704,4
3705,3
3706,3
3707,0
3708,3
3709,3
3710,3
3711,3
3712,3
3713,1
3714,3
3715,1
3716,3
3717,3
3718,3
3719,2
3720,3
3721,3
3722,0
3723,3
3724,3
3725,1
3726,1
3727,1
3728,3
3729,3
3730,3
3731,3
3732,2
3733,4
3734,3
3735,1
3736,3
3737,3
3738,3
3739,3
3740,3
3741,4
3742,4
3743,3
3744,1
3745,3
3746,1
3747,1
3748,4
3749,3
3750,3
3751,3
3752,3
3753,3
3754,3
3755,3
3756,3
3757,4
3758,0
3759,3
3760,3
3761,3
3762,3
3763,1
3764,3
3765,4
3766,3
3767,3
3768,0
3769,3
3770,3
3771,3
3772,4
3773,3
3774,3
3775,3
3776,3
3777,0
3778,3
3779,3
3780,4
3781,3
3782,3
3783,3
3784,3
3785,1
3786,4
3787,3
3788,3
3789,3
3790,4
3791,4
3792,4
3793,3
3794,3
3795,3
3796,4
3797,4
3798,3
3799,3
3800,4
3801,3
3802,3
3803,3
3804,3
3805,3
3806,3
3807,3
3808,4
3809,3
3810,4
3811,3
3812,3
3813,3
3814,3
3815,4
3816,3
3817,3
3818,4
3819,1
3820,3
3821,3
3822,3
3823,1
3824,0
3825,3
3826,3
3827,3
3828,4
3829,3
3830,3
3831,3
3832,3
3833,4
3834,3
3835,3
3836,4
3837,3
3838,4
3839,3
3840,3
3841,3
3842,4
3843,3
3844,0
3845,3
3846,3
3847,1
3848,4
3849,3
3850,0
3851,4
3852,3
3853,3
3854,3
3855,3
3856,3
3857,3
3858,3
3859,3
3860,3
3861,4
3862,3
3863,4
3864,3
3865,3
3866,1
3867,4
3868,4
3869,3
3870,4
3871,4
3872,3
3873,4
3874,3
3875,4
3876,3
3877,3
3878,3
3879,3
3880,3
3881,3
3882,3
3883,2
3884,3
3885,4
3886,4
3887,3
3888,4
3889,4
3890,3
3891,4
3892,3
3893,3
3894,3
3895,3
3896,4
3897,4
3898,3
3899,3
3900,3
3901,4
3902,3
3903,4
3904,1
3905,3
3906,1
3907,4
3908,4
3909,4
3910,3
3911,3
3912,3
3913,3
3914,3
3915,3
3916,3
3917,3
3918,4
3919,4
3920,4
3921,3
3922,3
3923,3
3924,3
3925,4
3926,3
3927,3
3928,3
3929,4
3930,1
3931,3
3932,4
3933,4
3934,4
3935,3
3936,3
3937,4
3938,3
3939,3
3940,3
3941,1
3942,4
3943,3
3944,3
3945,3
3946,3
3947,3
3948,3
3949,3
3950,3
3951,3
3952,4
3953,3
3954,4
3955,3
3956,4
3957,3
3958,3
3959,3
3960,3
3961,4
3962,3
3963,1
3964,3
3965,3
3966,3
3967,1
3968,4
3969,3
3970,3
3971,4
3972,4
3973,3
3974,3
3975,3
3976,3
3977,4
3978,4
3979,3
3980,3
3981,1
3982,1
3983,4
3984,4
3985,2
3986,3
3987,4
3988,3
3989,3
3990,4
3991,3
3992,4
3993,3
3994,3
3995,3
3996,3
3997,1
3998,4
3999,3
4000,3
4001,3
4002,4
4003,3
4004,4
4005,1
4006,3
4007,3
4008,3
4009,4
4010,3
4011,3
4012,3
4013,3
4014,3
4015,3
4016,3
4017,3
4018,1
4019,3
4020,3
4021,3
4022,4
4023,2
4024,3
4025,4
4026,3
4027,3
4028,4
4029,1
4030,0
4031,3
4032,3
4033,3
4034,4
4035,3
4036,3
4037,3
4038,4
4039,3
4040,3
4041,4
4042,3
4043,3
4044,4
4045,1
4046,3
4047,4
4048,1
4049,3
4050,3
4051,3
4052,0
4053,3
4054,3
4055,4
4056,3
4057,4
4058,3
4059,3
4060,4
4061,3
4062,3
4063,3
4064,4
4065,3
4066,3
4067,3
4068,3
4069,4
4070,3
4071,4
4072,3
4073,3
4074,4
4075,3
4076,3
4077,3
4078,3
4079,3
4080,3
4081,4
4082,4
4083,2
4084,1
4085,3
4086,4
4087,3
4088,3
4089,3
4090,3
4091,1
4092,3
4093,4
4094,3
4095,0
4096,4
4097,3
4098,4
4099,3
4100,3
4101,3
4102,3
4103,3
4104,3
4105,3
4106,3
4107,4
4108,3
4109,4
4110,1
4111,3
4112,1
4113,3
4114,3
4115,1
4116,3
4117,3
4118,3
4119,3
4120,4
4121,3
4122,3
4123,3
4124,3
4125,3
4126,4
4127,4
4128,1
4129,0
4130,1
4131,3
4132,4
4133,3
4134,4
4135,3
4136,1
4137,4
4138,3
4139,4
4140,1
4141,1
4142,3
4143,3
4144,3
4145,3
4146,3
4147,4
4148,4
4149,3
4150,3
4151,3
4152,4
4153,4
4154,3
4155,3
4156,3
4157,2
4158,3
4159,3
4160,3
4161,1
4162,3
4163,3
4164,4
4165,3
4166,3
4167,4
4168,3
4169,3
4170,3
4171,4
4172,3
4173,4
4174,3
4175,3
4176,3
4177,4
4178,3
4179,3
4180,0
4181,3
4182,3
4183,3
4184,3
4185,3
4186,4
4187,3
4188,3
4189,1
4190,3
4191,3
4192,3
4193,3
4194,4
4195,4
4196,4
4197,3
4198,3
4199,1
4200,4
4201,4
4202,4
4203,3
4204,4
4205,3
4206,3
4207,3
4208,3
4209,3
4210,1
4211,3
4212,4
4213,3
4214,4
4215,4
4216,3
4217,1
4218,3
4219,3
4220,4
4221,3
4222,3
4223,4
4224,1
4225,3
4226,3
4227,3
4228,3
4229,3
4230,3
4231,3
4232,3
4233,3
4234,3
4235,3
4236,3
4237,4
4238,3
4239,3
4240,3
4241,4
4242,3
4243,3
4244,3
4245,3
4246,3
4247,3
4248,3
4249,3
4250,3
4251,4
4252,3
4253,3
4254,3
4255,2
4256,3
4257,3
4258,3
4259,3
4260,4
4261,4
4262,3
4263,4
4264,4
4265,4
4266,1
4267,3
4268,4
4269,3
4270,3
4271,4
4272,4
4273,3
4274,3
4275,3
4276,4
4277,3
4278,3
4279,3
4280,3
4281,3
4282,3
4283,0
4284,4
4285,3
4286,3
4287,3
4288,2
4289,3
4290,3
4291,3
4292,3
4293,3
4294,3
4295,3
4296,3
4297,3
4298,3
4299,3
4300,1
4301,3
4302,4
4303,3
4304,4
4305,4
4306,3
4307,4
4308,4
4309,3
4310,3
4311,1
4312,3
4313,3
4314,1
4315,3
4316,0
4317,4
4318,3
4319,3
4320,3
4321,4
4322,3
4323,3
4324,3
4325,3
4326,3
4327,3
4328,3
4329,3
4330,4
4331,3
4332,4
4333,1
4334,3
4335,4
4336,4
4337,3
4338,3
4339,3
4340,3
4341,1
4342,4
4343,3
4344,3
4345,3
4346,1
4347,4
4348,4
4349,4
4350,4
4351,3
4352,4
4353,3
4354,4
4355,4
4356,3
4357,3
4358,3
4359,1
4360,3
4361,3
4362,3
4363,3
4364,4
4365,3
4366,3
4367,3
4368,1
4369,3
4370,4
4371,1
4372,4
4373,3
4374,1
4375,3
4376,3
4377,3
4378,4
4379,4
4380,3
4381,3
4382,3
4383,1
4384,3
4385,3
4386,3
4387,4
4388,3
4389,3
4390,3
4391,3
4392,3
4393,3
4394,3
4395,3
4396,3
4397,4
4398,4
4399,3
4400,3
4401,3
4402,4
4403,4
4404,4
4405,3
4406,3
4407,3
4408,3
4409,3
4410,4
4411,3
4412,3
4413,3
4414,3
4415,3
4416,3
4417,3
4418,3
4419,3
4420,3
4421,4
4422,1
4423,3
4424,3
4425,3
4426,1
4427,4
4428,3
4429,1
4430,3
4431,3
4432,3
4433,4
4434,3
4435,4
4436,3
4437,3
4438,3
4439,3
4440,3
4441,4
4442,4
4443,1
4444,4
4445,3
4446,4
4447,4
4448,3
4449,4
4450,3
4451,3
4452,3
4453,3
4454,3
4455,3
4456,3
4457,3
4458,3
4459,1
4460,1
4461,3
4462,3
4463,3
4464,4
4465,3
4466,3
4467,3
4468,4
4469,2
4470,3
4471,3
4472,1
4473,3
4474,4
4475,4
4476,3
4477,3
4478,3
4479,3
4480,3
4481,4
4482,3
4483,3
4484,1
4485,3
4486,4
4487,3
4488,3
4489,3
4490,3
4491,4
4492,1
4493,3
4494,4
4495,3
4496,3
4497,3
4498,3
4499,3
4500,3
4501,4
4502,4
4503,3
4504,3
4505,3
4506,3
4507,3
4508,3
4509,3
4510,4
4511,3
4512,1
4513,1
4514,3
4515,4
4516,4
4517,3
4518,0
4519,4
4520,0
4521,3
4522,3
4523,3
4524,3
4525,3
4526,3
4527,1
4528,3
4529,0
4530,3
4531,3
4532,3
4533,4
4534,4
4535,4
4536,3
4537,3
4538,3
4539,3
4540,3
4541,3
4542,3
4543,3
4544,3
4545,4
4546,3
4547,4
4548,3
4549,4
4550,4
4551,1
4552,3
4553,3
4554,3
4555,3
4556,1
4557,3
4558,3
4559,3
4560,4
4561,4
4562,1
4563,3
4564,4
4565,3
4566,4
4567,3
4568,3
4569,3
4570,3
4571,3
4572,3
4573,3
4574,4
4575,1
4576,3
4577,3
4578,1
4579,3
4580,3
4581,0
4582,4
4583,4
4584,3
4585,0
4586,3
4587,3
4588,3
4589,3
4590,3
4591,3
4592,4
4593,4
4594,3
4595,4
4596,1
4597,3
4598,3
4599,3
4600,3
4601,3
4602,3
4603,3
4604,4
4605,3
4606,4
4607,3
4608,3
4609,4
4610,4
4611,3
4612,3
4613,3
4614,3
4615,3
4616,1
4617,3
4618,3
4619,1
4620,3
4621,3
4622,0
4623,3
4624,4
4625,3
4626,4
4627,4
4628,3
4629,3
4630,3
4631,4
4632,2
4633,3
4634,4
4635,3
4636,3
4637,3
4638,3
4639,3
4640,3
4641,4
4642,1
4643,0
4644,3
4645,3
4646,3
4647,3
4648,3
4649,3
4650,4
4651,3
4652,4
4653,3
4654,0
4655,2
4656,3
4657,3
4658,3
4659,1
4660,3
4661,4
4662,4
4663,1
4664,4
4665,3
4666,3
4667,4
4668,3
4669,3
4670,3
4671,4
4672,3
4673,3
4674,3
4675,3
4676,3
4677,3
4678,3
4679,3
4680,3
4681,3
4682,3
4683,4
4684,1
4685,1
4686,4
4687,4
4688,3
4689,1
4690,4
4691,4
4692,3
4693,3
4694,3
4695,4
4696,3
4697,3
4698,3
4699,3
4700,3
4701,1
4702,3
4703,4
4704,3
4705,3
4706,3
4707,3
4708,3
4709,3
4710,3
4711,3
4712,3
4713,3
4714,3
4715,4
4716,4
4717,4
4718,3
4719,3
4720,3
4721,3
4722,3
4723,3
4724,3
4725,4
4726,3
4727,3
4728,1
4729,3
4730,1
4731,3
4732,3
4733,3
4734,4
4735,3
4736,0
4737,3
4738,3
4739,3
4740,4
4741,3
4742,3
4743,4
4744,3
4745,0
4746,3
4747,3
4748,1
4749,3
4750,1
4751,1
4752,4
4753,3
4754,3
4755,3
4756,3
4757,1
4758,3
4759,3
4760,3
4761,3
4762,1
4763,3
4764,4
4765,3
4766,3
4767,3
4768,3
4769,3
4770,3
4771,3
4772,3
4773,3
4774,3
4775,3
4776,3
4777,3
4778,3
4779,3
4780,1
4781,3
4782,4
4783,3
4784,3
4785,4
4786,3
4787,3
4788,1
4789,4
4790,3
4791,3
4792,3
4793,4
4794,3
4795,3
4796,3
4797,3
4798,4
4799,4
4800,3
4801,4
4802,4
4803,4
4804,1
4805,3
4806,4
4807,1
4808,3
4809,0
4810,1
4811,3
4812,3
4813,3
4814,4
4815,3
4816,3
4817,1
4818,3
4819,4
4820,4
4821,1
4822,4
4823,3
4824,4
4825,4
4826,3
4827,3
4828,1
4829,3
4830,4
4831,3
4832,3
4833,3
4834,1
4835,4
4836,3
4837,1
4838,3
4839,1
4840,3
4841,3
4842,3
4843,3
4844,4
4845,1
4846,3
4847,3
4848,4
4849,3
4850,4
4851,3
4852,3
4853,3
4854,3
4855,3
4856,3
4857,3
4858,3
4859,3
4860,4
4861,3
4862,3
4863,4
4864,1
4865,4
4866,3
4867,3
4868,3
4869,3
4870,3
4871,4
4872,4
4873,3
4874,3
4875,3
4876,3
4877,3
4878,4
4879,3
4880,3
4881,4
4882,3
4883,3
4884,3
4885,3
4886,3
4887,3
4888,3
4889,3
4890,1
4891,3
4892,4
4893,3
4894,3
4895,3
4896,4
4897,4
4898,4
4899,3
4900,3
4901,3
4902,4
4903,3
4904,4
4905,3
4906,3
4907,3
4908,3
4909,3
4910,3
4911,3
4912,1
4913,4
4914,3
4915,3
4916,1
4917,3
4918,3
4919,4
4920,4
4921,4
4922,3
4923,3
4924,4
4925,4
4926,1
4927,1
4928,3
4929,3
4930,3
4931,3
4932,3
4933,3
4934,1
4935,3
4936,3
4937,4
4938,3
4939,3
4940,4
4941,4
4942,4
4943,4
4944,3
4945,3
4946,3
4947,3
4948,3
4949,4
4950,0
4951,0
4952,3
4953,3
4954,3
4955,3
4956,4
4957,1
4958,3
4959,3
4960,3
4961,3
4962,3
4963,3
4964,3
4965,3
4966,0
4967,3
4968,3
4969,3
4970,4
4971,3
4972,4
4973,4
4974,0
4975,3
4976,3
4977,1
4978,4
4979,3
4980,4
4981,3
4982,3
4983,3
4984,3
4985,3
4986,3
4987,4
4988,3
4989,0
4990,3
4991,3
4992,1
4993,3
4994,4
4995,3
4996,1
4997,4
4998,4
4999,4
5000,4
5001,3
5002,3
5003,3
5004,1
5005,4
5006,4
5007,3
5008,4
5009,3
5010,3
5011,3
5012,4
5013,4
5014,3
5015,3
5016,4
5017,3
5018,1
5019,3
5020,0
5021,4
5022,4
5023,3
5024,3
5025,3
5026,3
5027,4
5028,2
5029,3
5030,3
5031,4
5032,4
5033,3
5034,3
5035,3
5036,3
5037,3
5038,4
5039,3
5040,4
5041,3
5042,3
5043,3
5044,3
5045,3
5046,1
5047,4
5048,3
5049,3
5050,3
5051,3
5052,3
5053,1
5054,0
5055,3
5056,4
5057,3
5058,3
5059,3
5060,4
5061,3
5062,3
5063,3
5064,4
5065,3
5066,3
5067,3
5068,3
5069,3
5070,3
5071,3
5072,3
5073,4
5074,3
5075,4
5076,3
5077,3
5078,3
5079,3
5080,4
5081,3
5082,0
5083,3
5084,3
5085,4
5086,3
5087,3
5088,3
5089,3
5090,4
5091,3
5092,3
5093,4
5094,3
5095,3
5096,3
5097,4
5098,3
5099,3
5100,3
5101,3
5102,4
5103,3
5104,4
5105,4
5106,3
5107,1
5108,3
5109,1
5110,4
5111,4
5112,3
5113,4
5114,3
5115,3
5116,3
5117,3
5118,4
5119,3
5120,3
5121,3
5122,3
5123,3
5124,3
5125,3
5126,1
5127,4
5128,4
5129,3
5130,2
5131,4
5132,3
5133,3
5134,3
5135,3
5136,4
5137,3
5138,3
5139,4
5140,4
5141,3
5142,3
5143,3
5144,3
5145,3
5146,3
5147,3
5148,3
5149,1
5150,4
5151,1
5152,0
5153,3
5154,4
5155,3
5156,3
5157,3
5158,3
5159,3
5160,4
5161,3
5162,4
5163,3
5164,4
5165,3
5166,3
5167,1
5168,1
5169,4
5170,3
5171,0
5172,3
5173,4
5174,0
5175,4
5176,4
5177,3
5178,4
5179,4
5180,3
5181,4
5182,3
5183,3
5184,3
5185,3
5186,3
5187,3
5188,3
5189,3
5190,3
5191,3
5192,3
5193,3
5194,3
5195,1
5196,3
5197,3
5198,3
5199,3
5200,3
5201,1
5202,3
5203,1
5204,4
5205,3
5206,3
5207,3
5208,4
5209,4
5210,3
5211,3
5212,3
5213,3
5214,4
5215,4
5216,3
5217,3
5218,3
5219,3
5220,3
5221,4
5222,3
5223,3
5224,3
5225,4
5226,4
5227,4
5228,3
5229,3
5230,3
5231,4
5232,1
5233,3
5234,3
5235,1
5236,3
5237,4
5238,3
5239,1
5240,4
5241,1
5242,3
5243,1
5244,3
5245,3
5246,3
5247,4
5248,4
5249,3
5250,3
5251,4
5252,1
5253,4
5254,3
5255,4
5256,3
5257,3
5258,4
5259,4
5260,4
5261,3
5262,3
5263,3
5264,3
5265,3
5266,3
5267,3
5268,3
5269,1
5270,1
5271,3
5272,3
5273,4
5274,3
5275,4
5276,1
5277,3
5278,3
5279,4
5280,4
5281,3
5282,4
5283,3
5284,3
5285,4
5286,3
5287,3
5288,4
5289,3
5290,4
5291,3
5292,3
5293,3
5294,3
5295,3
5296,0
5297,3
5298,3
5299,3
5300,3
5301,3
5302,3
5303,1
5304,3
5305,3
5306,3
5307,3
5308,4
5309,3
5310,4
5311,4
5312,3
5313,4
5314,3
5315,4
5316,3
5317,3
5318,3
5319,3
5320,3
5321,3
5322,3
5323,4
5324,3
5325,4
5326,3
5327,3
5328,4
5329,4
5330,4
5331,4
5332,4
5333,3
5334,3
5335,4
5336,4
5337,3
5338,0
5339,3
5340,2
5341,4
5342,4
5343,1
5344,3
5345,3
5346,3
5347,2
5348,3
5349,3
5350,3
5351,3
5352,3
5353,3
5354,3
5355,3
5356,4
5357,3
5358,4
5359,3
5360,4
5361,3
5362,3
5363,4
5364,2
5365,1
5366,4
5367,3
5368,4
5369,4
5370,1
5371,3
5372,3
5373,3
5374,3
5375,3
5376,4
5377,4
5378,0
5379,3
5380,3
5381,3
5382,3
5383,3
5384,4
5385,3
5386,3
5387,3
5388,4
5389,4
5390,3
5391,1
5392,3
5393,4
5394,3
5395,4
5396,2
5397,3
5398,3
5399,3
5400,4
5401,3
5402,3
5403,3
5404,3
5405,4
5406,3
5407,3
5408,3
5409,3
5410,3
5411,4
5412,3
5413,3
5414,3
5415,1
5416,1
5417,4
5418,1
5419,4
5420,3
5421,3
5422,3
5423,3
5424,3
5425,4
5426,3
5427,3
5428,3
5429,4
5430,4
5431,3
5432,4
5433,3
5434,3
5435,3
5436,3
5437,4
5438,3
5439,4
5440,3
5441,4
5442,3
5443,4
5444,3
5445,3
5446,1
5447,3
5448,3
5449,1
5450,3
5451,3
5452,4
5453,3
5454,3
5455,3
5456,3
5457,3
5458,4
5459,3
5460,3
5461,1
5462,3
5463,3
5464,3
5465,3
5466,3
5467,3
5468,4
5469,3
5470,1
5471,4
5472,3
5473,3
5474,3
5475,3
5476,3
5477,3
5478,3
5479,0
5480,4
5481,3
5482,3
5483,3
5484,2
5485,3
5486,1
5487,3
5488,3
5489,4
5490,3
5491,1
5492,4
5493,4
5494,3
5495,3
5496,3
5497,3
5498,3
5499,4
5500,4
5501,0
5502,4
5503,3
5504,3
5505,4
5506,3
5507,3
5508,3
5509,3
5510,4
5511,4
5512,4
5513,3
5514,4
5515,1
5516,3
5517,3
5518,3
5519,3
5520,3
5521,3
5522,3
5523,3
5524,0
5525,3
5526,4
5527,1
5528,3
5529,4
5530,0
5531,1
5532,4
5533,4
5534,0
5535,4
5536,4
5537,4
5538,3
5539,3
5540,3
5541,4
5542,4
5543,3
5544,4
5545,3
5546,0
5547,3
5548,3
5549,3
5550,3
5551,4
5552,3
5553,3
5554,1
5555,3
5556,0
5557,3
5558,3
5559,3
5560,3
5561,3
5562,3
5563,1
5564,3
5565,3
5566,3
5567,3
5568,4
5569,3
5570,4
5571,3
5572,3
5573,3
5574,3
5575,3
5576,3
5577,3
5578,3
5579,4
5580,1
5581,3
5582,0
5583,4
5584,3
5585,3
5586,3
5587,3
5588,4
5589,4
5590,4
5591,3
5592,3
5593,3
5594,4
5595,4
5596,3
5597,4
5598,3
5599,3
5600,3
5601,4
5602,3
5603,3
5604,3
5605,4
5606,4
5607,3
5608,4
5609,3
5610,4
5611,1
5612,3
5613,0
5614,4
5615,3
5616,3
5617,3
5618,1
5619,3
5620,3
5621,4
5622,3
5623,3
5624,3
5625,4
5626,4
5627,3
5628,3
5629,3
5630,2
5631,4
5632,3
5633,4
5634,3
5635,3
5636,3
5637,4
5638,3
5639,3
5640,1
5641,4
5642,0
5643,3
5644,3
5645,3
5646,3
5647,3
5648,3
5649,3
5650,3
5651,3
5652,4
5653,1
5654,3
5655,3
5656,3
5657,3
5658,3
5659,1
5660,4
5661,3
5662,3
5663,2
5664,3
5665,3
5666,4
5667,3
5668,3
5669,4
5670,3
5671,3
5672,3
5673,1
5674,3
5675,3
5676,3
5677,3
5678,2
5679,4
5680,3
5681,3
5682,3
5683,4
5684,4
5685,3
5686,1
5687,4
5688,3
5689,2
5690,4
5691,3
5692,3
5693,3
5694,3
5695,4
5696,4
5697,4
5698,4
5699,1
5700,3
5701,3
5702,3
5703,3
5704,3
5705,4
5706,3
5707,4
5708,4
5709,4
5710,4
5711,3
5712,1
5713,3
5714,4
5715,3
5716,4
5717,3
5718,3
5719,3
5720,0
5721,3
5722,1
5723,4
5724,4
5725,3
5726,3
5727,3
5728,3
5729,3
5730,4
5731,4
5732,3
5733,3
5734,3
5735,4
5736,3
5737,4
5738,4
5739,4
5740,3
5741,4
5742,3
5743,3
5744,4
5745,0
5746,4
5747,3
5748,3
5749,3
5750,3
5751,3
5752,3
5753,4
5754,3
5755,4
5756,3
5757,1
5758,2
5759,3
5760,3
5761,4
5762,4
5763,1
5764,3
5765,3
5766,3
5767,3
5768,4
5769,3
5770,3
5771,4
5772,4
5773,4
5774,3
5775,3
5776,3
5777,3
5778,3
5779,3
5780,3
5781,3
5782,4
5783,4
5784,3
5785,4
5786,3
5787,3
5788,4
5789,3
5790,3
5791,4
5792,3
5793,4
5794,3
5795,3
5796,3
5797,3
5798,4
5799,3
5800,0
5801,3
5802,3
5803,3
5804,0
5805,3
5806,3
5807,3
5808,4
5809,3
5810,3
5811,3
5812,4
5813,3
5814,0
5815,3
5816,3
5817,3
5818,3
5819,3
5820,3
5821,3
5822,3
5823,3
5824,4
5825,3
5826,4
5827,4
5828,3
5829,3
5830,4
5831,3
5832,3
5833,4
5834,3
5835,4
5836,3
5837,3
5838,4
5839,4
5840,4
5841,3
5842,3
5843,3
5844,3
5845,2
5846,2
